city_id,city
city1,Waukesha
city2,Thomas
city3,Tamaroa
city4,Pea Ridge
city5,North Loup
city6,Lahoma
city7,Palmdale
city8,Springfield
city9,Lolita
city10,Greenview
city11,Saint James City
city12,Farmington
city13,Norwalk
city14,Athena
city15,Shenandoah Junction
city16,Pembroke
city17,Santa Monica
city18,Indian Wells
city19,Philadelphia
city20,Shelter Island
city21,Eureka
city22,South Londonderry
city23,Saint Petersburg
city24,Kenner
city25,Eldridge
city26,Lawrence
city27,Lebanon
city28,Thida
city29,Beaver Falls
city30,June Lake
city31,Cedar
city32,Belmont
city33,Boonton
city34,Blairstown
city35,Grand Junction
city36,Annapolis
city37,Hopewell
city38,Cisco
city39,Phoenix
city40,North Augusta
city41,Mooresville
city42,High Rolls Mountain Park
city43,Cross
city44,Parsonsfield
city45,Bowdoin
city46,Superior
city47,Lonetree
city48,Matawan
city49,Hinesburg
city50,Harrington Park
city51,Viola
city52,Jefferson
city53,Edmond
city54,River
city55,Rhame
city56,Karnack
city57,Tomales
city58,Roma
city59,Schaefferstown
city60,Irwinton
city61,Garrattsville
city62,Alder
city63,Steuben
city64,Afton
city65,Orangeburg
city66,Dallas
city67,Elberta
city68,Stayton
city69,Premier
city70,Doe Hill
city71,Huslia
city72,Burbank
city73,Atlantic
city74,Veedersburg
city75,O Brien
city76,Hooper
city77,Tomahawk
city78,Issaquah
city79,Lakeland
city80,Ashford
city81,Albany
city82,Clarksville
city83,Belmond
city84,Tyaskin
city85,Holcomb
city86,Beasley
city87,Graniteville
city88,Tulsa
city89,Arlington
city90,Hinckley
city91,Saint Paul
city92,Noonan
city93,Spearsville
city94,Powell
city95,Scotland
city96,Kissee Mills
city97,New Waverly
city98,Cleveland
city99,Fort Washakie
city100,Union
city101,San Jose
city102,Tallmansville
city103,Tiptonville
city104,Warren
city105,Cherokee Village
city106,Stanchfield
city107,Smiths Grove
city108,Cressona
city109,Port Ewen
city110,Clune
city111,Milwaukee
city112,Saint Amant
city113,Carlotta
city114,Colton
city115,Enola
city116,Loami
city117,Haines City
city118,Milner
city119,Mount Clemens
city120,Hawley
city121,Reno
city122,Elkhart
city123,Melbourne
city124,Zavalla
city125,Atglen
city126,Red River
city127,Preston
city128,Freedom
city129,Nazareth
city130,Moorhead
city131,Arnold
city132,Hedrick
city133,Coleman
city134,Bridger
city135,Coleharbor
city136,Moab
city137,Paauilo
city138,West Bethel
city139,Marienville
city140,Ronceverte
city141,Houston
city142,Rock Tavern
city143,Bonfield
city144,Odessa
city145,Oklahoma City
city146,East Troy
city147,Colorado Springs
city148,Blairsden-Graeagle
city149,Manistique
city150,Brandon
city151,Morrisdale
city152,Louisville
city153,Pointe Aux Pins
city154,Falls Church
city155,Surrency
city156,West Harrison
city157,Jones
city158,Mc Cracken
city159,May
city160,Saint Bonaventure
city161,Campbell
city162,North Wilkesboro
city163,Du Pont
city164,East Andover
city165,Gadsden
city166,Grant
city167,Winslow
city168,Nelson
city169,Wilmington
city170,Unionville
city171,Wauchula
city172,Spring Church
city173,Port Saint Lucie
city174,Bay City
city175,Highland
city176,Acworth
city177,Bessemer
city178,Williamsburg
city179,Bradley
city180,Belle Fourche
city181,Marietta
city182,Arvada
city183,Andrews
city184,Lowville
city185,Hatch
city186,Cazenovia
city187,San Antonio
city188,Mount Saint Joseph
city189,Mc Intosh
city190,Cascade Locks
city191,Westerville
city192,Oakland
city193,Tampa
city194,Rock Springs
city195,San Diego
city196,Plainfield
city197,Sontag
city198,Marion
city199,Redford
city200,Alpharetta
city201,Breesport
city202,Manley
city203,Heart Butte
city204,East Rochester
city205,Baton Rouge
city206,New Holstein
city207,Falls City
city208,Tower Hill
city209,Keller
city210,Auburn
city211,Mulberry Grove
city212,Brantley
city213,Mansfield
city214,Mc Nabb
city215,Barneveld
city216,Littleton
city217,Avoca
city218,Olmsted
city219,Dumont
city220,Norman
city221,Birmingham
city222,Westport
city223,Maysville
city224,Kirby
city225,Belfast
city226,Waupaca
city227,Dresden
city228,Utica
city229,Edinburg
city230,Arcadia
city231,Kansas City
city232,Hannawa Falls
city233,Laguna Hills
city234,Stillwater
city235,Kirk
city236,Meredith
city237,Wheaton
city238,Ashfield
city239,Harborcreek
city240,Shippingport
city241,Corriganville
city242,Hurricane
city243,Saxon
city244,Princeton
city245,Washington Court House
city246,Bauxite
city247,Varnell
city248,Creola
city249,Phenix City
city250,Turner
city251,Grassflat
city252,Fields Landing
city253,Pittsburgh
city254,Halma
city255,Greenwich
city256,Sula
city257,Bryant
city258,Montrose
city259,Port Gibson
city260,Scotia
city261,Jaffrey
city262,Bridgeport
city263,Luzerne
city264,Wilton
city265,Clifton
city266,Leonard
city267,Georgetown
city268,Sterling City
city269,Albuquerque
city270,Mesa
city271,Sheffield
city272,Keisterville
city273,Conway
city274,Laredo
city275,Weeping Water
city276,Zaleski
city277,Hewitt
city278,Ratcliff
city279,Mount Morris
city280,Rumely
city281,Titusville
city282,Heiskell
city283,Newton
city284,Meridian
city285,Ranier
city286,West Finley
city287,Lakeview
city288,Roseland
city289,Stephensport
city290,Dunlevy
city291,Knoxville
city292,Canton
city293,Oolitic
city294,Burrton
city295,Esbon
city296,Clay Center
city297,Mifflin
city298,Sauk Rapids
city299,Port Costa
city300,Dadeville
city301,Bailey
city302,Garfield
city303,Norwich
city304,Walnut Ridge
city305,West Palm Beach
city306,Diamond
city307,Republic
city308,Michigan
city309,Mountain Park
city310,Corona
city311,West Columbia
city312,De Soto
city313,Tekoa
city314,Clarks Mills
city315,Irvine
city316,Grandview
city317,Brownville
city318,Eagarville
city319,Lanark Village
city320,Port Richey
city321,Cadiz
city322,Webster City
city323,Comfrey
city324,West Monroe
city325,Ringwood
city326,Kilgore
city327,Fordoche
city328,Mount Perry
city329,Margaretville
city330,Carlisle
city331,Cromona
city332,Schaumburg
city333,Delhi
city334,Mound City
city335,Lowell
city336,Quanah
city337,Falmouth
city338,Denham Springs
city339,Naples
city340,Topeka
city341,Sprague
city342,Hudson
city343,Collegeville
city344,Summerfield
city345,Gaithersburg
city346,Fenelton
city347,Hopkins
city348,Jelm
city349,Ruth
city350,Orr
city351,Manchester
city352,Collettsville
city353,Nobleboro
city354,Goodrich
city355,Newhall
city356,Battle Creek
city357,Burns Flat
city358,Rule
city359,Great Mills
city360,Cranks
city361,Juliette
city362,Cuyahoga Falls
city363,Meadville
city364,Dongola
city365,Catawba
city366,Munith
city367,Washington
city368,Lawn
city369,Cecilton
city370,Sacramento
city371,Dieterich
city372,Iliff
city373,Ridgeland
city374,Elizabeth
city375,Heidelberg
city376,Sardis
city377,Thrall
city378,West Long Branch
city379,Moundsville
city380,Greenwood
city381,West Hartford
city382,New Boston
city383,Grand Ridge
city384,Pomona
city385,Montandon
city386,Mallie
city387,Oaks
city388,Haw River
city389,Spencer
city390,Boyd
city391,South Hero
city392,North Judson
city393,North Prairie
city394,Lohrville
city395,Knowlesville
city396,New Ellenton
city397,Greenbush
city398,Manville
city399,Palermo
city400,Winger
city401,Girard
city402,Creedmoor
city403,Mayersville
city404,Deane
city405,Darien
city406,North Washington
city407,Uledi
city408,Eugene
city409,Chatham
city410,New York City
city411,Linthicum Heights
city412,West Chazy
city413,Humboldt
city414,Lake Jackson
city415,Monetta
city416,Coyle
city417,Dalton
city418,Grantham
city419,Edisto Island
city420,Napa
city421,Saint Louis
city422,Brashear
city423,Lagrange
city424,Bethel Springs
city425,Watertown
city426,Randolph
city427,Pelham
city428,Westfir
city429,Lamberton
city430,Oxford
city431,Amsterdam
city432,Elizabethtown
city433,Coffeeville
city434,Loxahatchee
city435,Moores Hill
city436,Methuen
city437,Johns Island
city438,Hurley
city439,Manor
city440,Gainesville
city441,Mill Creek
city442,Beaverdam
city443,Holloway
city444,Laramie
city445,Fairview
city446,Paulding
city447,Bellmore
city448,Crownpoint
city449,Fiddletown
city450,Whigham
city451,Center Point
city452,Kent
city453,Fulton
city454,Grand Bay
city455,Comfort
city456,Southfield
city457,Cochranton
city458,Vinton
city459,Oriskany Falls
city460,Stirling
city461,Winfield
city462,Harper
city463,Iselin
city464,Wichita
city465,Fullerton
city466,Murfreesboro
city467,Moulton
city468,Churubusco
city469,Cass
city470,Norman Park
city471,Clarinda
city472,Sunflower
city473,Logan
city474,Manderson
city475,Cowlesville
city476,Lima
city477,Queenstown
city478,Chester Heights
city479,Hampton
city480,Prairie Creek
city481,Rockwood
city482,Orient
city483,Corsica
city484,Hancock
city485,Helm
city486,Centerview
city487,Achille
city488,Ruidoso
city489,Seneca
city490,Greendale
city491,Murrayville
city492,Hahira
city493,Bowersville
city494,Holliday
city495,Detroit
city496,Notrees
city497,Grenada
city498,Camden
city499,Montgomery
city500,Parker Dam
city501,Brooklyn
city502,Mountain Center
city503,Belgrade
city504,Wetmore
city505,Sherman
city506,Emporium
city507,Ollie
city508,Sutherland
city509,Springfield Gardens
city510,Shields
city511,Daly City
city512,Big Creek
city513,Plymouth
city514,Sebring
city515,Roosevelt
city516,Indianapolis
city517,Huntsville
city518,Jordan Valley
city519,Mount Hope
city520,Northport
city521,Gretna
city522,Wilmette
city523,Payson
city524,Mc Clellandtown
city525,Monmouth Beach
city526,Blooming Grove
city527,Ozawkie
city528,Minnesota Lake
city529,Altair
city530,West Henrietta
city531,Whaleyville
city532,Pueblo
city533,Sun City
city534,Goreville
city535,Pembroke Township
city536,Newark Valley
city537,Altona
city538,Tyler
city539,Slayden
city540,Bay Minette
city541,Parks
city542,Cord
city543,Rocky Mount
city544,Romulus
city545,Timberville
city546,Elk Rapids
city547,Oconto Falls
city548,Oakdale
city549,Phil Campbell
city550,Haynes
city551,Spirit Lake
city552,Moro
city553,Newport
city554,Stittville
city555,Burlington
city556,De Witt
city557,Westhampton Beach
city558,Allentown
city559,Fort Myers
city560,Blackville
city561,Hazel
city562,Wales
city563,Kings Bay
city564,Gardiner
city565,Ruckersville
city566,Gibsonville
city567,Brunson
city568,Sixes
city569,Cassatt
city570,Pikesville
city571,Avera
city572,Central
city573,Kingsville
city574,Washoe Valley
city575,Burke
city576,Muskegon
city577,Howells
city578,Deadwood
city579,Skytop
city580,Broomfield
city581,Shrewsbury
city582,Oran
city583,Armagh
city584,Matthews
city585,Newberg
city586,Dublin
city587,Mc Veytown
city588,Barnstable
city589,Tryon
city590,Grover
city591,Columbia
city592,Brinson
city593,Mobile
city594,Brainard
city595,Alexandria
city596,De Lancey
city597,Heislerville
city598,Bethel
city599,Higganum
city600,Key West
city601,Harrodsburg
city602,Louisiana
city603,Scarborough
city604,Altonah
city605,Valdosta
city606,Umatilla
city607,Dubre
city608,Aledo
city609,Azusa
city610,Deltona
city611,Liberty Mills
city612,Mendon
city613,South Richmond Hill
city614,Miamisburg
city615,Riverton
city616,Florence
city617,Big Indian
city618,Glade Spring
city619,Cottekill
city620,Marathon
city621,Powell Butte
city622,West Sayville
city623,Lomax
city624,Clayton
city625,Moravian Falls
city626,Humble
city627,Thompson
city628,Lithopolis
city629,Hovland
city630,Christine
city631,Gregory
city632,Parkers Lake
city633,Glendale
city634,Bagley
city635,Milford
city636,Purmela
city637,Trenton
city638,Ironton
city639,Dexter
city640,Lepanto
city641,Fayetteville
city642,Sachse
city643,Winter
city644,Ford
city645,Stoneham
city646,Ogdensburg
city647,Bolivar
city648,Apison
city649,Basye
city650,Hills
city651,Reynolds
city652,Owensville
city653,Hedley
city654,Kingsford Heights
city655,Prosperity
city656,Galatia
city657,Smithfield
city658,Moscow
city659,North Las Vegas
city660,Kensington
city661,Lake Oswego
city662,Kingsport
city663,West Eaton
city664,University
city665,Luray
city666,Allenhurst
city667,Halstad
city668,Livonia
city669,Ballwin
city670,White Sulphur Springs
city671,Bolton
city672,Grimesland
city673,Cape Coral
city674,Kirtland Afb
city675,Vero Beach
city676,Independence
city677,Texarkana
city678,Bristow
city679,Spring
city680,Harwood
city681,Egan
city682,Bristol
city683,Pecos
city684,Boulder
city685,Leo
city686,Malad City
city687,North Brookfield
city688,Baroda
city689,Hawthorne
city690,Des Moines
city691,East Canaan
city692,Ragland
city693,De Queen
city694,Bronx
city695,Carroll
city696,Amanda
city697,Plantersville
city698,Wendel
city699,Whittemore
city700,Rochester
city701,Lubbock
city702,Brooklin
city703,Portland
city704,New Goshen
city705,Omaha
city706,Henderson
city707,Adams
city708,El Paso
city709,Woodville
city710,Cokeburg
city711,Espanola
city712,Tupper Lake
city713,Huntington Beach
city714,Center Tuftonboro
city715,Lakeport
city716,Moriarty
city717,Armonk
city718,Curlew
city719,San Angelo
city720,Minneapolis
city721,Jordanville
city722,Ash Flat
city723,Smackover
city724,Scotts Mills
city725,Cardwell
city726,Smock
city727,Manquin
city728,Sturgis
city729,Paradise Valley
city730,West Green
city731,Dell City
city732,Lane
city733,Jermyn
city734,Vienna
city735,Palmyra
city736,Joliet
city737,Falconer
city738,Syracuse
city739,Williams
city740,Smith River
city741,Putnam
city742,Nokomis
city743,Cross Plains
city744,American Fork
city745,Thornville
city746,Clutier
city747,Damascus
city748,Clearwater
city749,Easton
city750,Glen Rock
city751,Old Hickory
city752,Port Charlotte
city753,Loving
city754,Sea Island
city755,Yellowstone National Park
city756,Mounds
city757,Metairie
city758,Llano
city759,Oak Hill
city760,Valentine
city761,Amorita
city762,Jay
city763,Saint Francis
city764,Prairie Hill
city765,Etlan
city766,Maria Stein
city767,Drakes Branch
city768,Holstein
city769,West Decatur
city770,Hartford
city771,Downsville
city772,Woods Cross
city773,Providence
city774,North Haverhill
city775,Dayton
city776,Paint Rock
city777,Duncan
city778,Lonsdale
city779,Claremont
city780,Leetsdale
city781,Vanderbilt
city782,Early
city783,Red Cliff
city784,New Franken
city785,Los Angeles
city786,Oakford
city787,Alva
city788,Lorenzo
city789,Tickfaw
city790,Parker
city791,Emmons
city792,Howes Cave
city793,Ravenna
city794,Wittenberg
city795,Cuthbert
city796,Alton
city797,Pearlington
city798,Harmony
city799,Bynum
city800,Paris
city801,Browning
city802,Paxton
city803,Daniels
city804,Ferney
city805,Chester
city806,Remer
city807,New Memphis
city808,North Tonawanda
city809,Honokaa
city810,Pewee Valley
city811,Lamy
city812,Jackson
city813,Rock Glen
city814,Riverview
city815,Desdemona
city816,Fairhope
city817,Barnard
city818,Waynesfield
city819,Monitor
city820,Bigelow
city821,Greenville
city822,Winthrop
city823,Rosewood
city824,Shedd
city825,Rossville
city826,Moriches
city827,Benton
city828,Aurora
city829,Kittery Point
city830,Rockwell
city831,Richland
city832,Vancouver
city833,Tuscarora
city834,Bonita Springs
city835,Ehrhardt
city836,Akron
city837,Lexington
city838,Kirkwood
city839,Kirtland
city840,Morrowville
city841,Seligman
city842,Seattle
city843,Wever
city844,Guthrie
city845,Craig
city846,Senatobia
city847,Springville
city848,Rice
city849,Grifton
